VMID,VMNAME,VMSIZE,NICID,NICID1,PRIVATEIP
/subscriptions/44328f0f-3fad-40a5-ae95-390f5b1a0d8c/resourceGroups/CO-NP-EASTUS-IDDBSTNHOSTS-RG/providers/Microsoft.Compute/virtualMachines/UEMCIDDBSTN3NP1,UEMCIDDBSTN3NP1,Standard_B4ms,/subscriptions/44328f0f-3fad-40a5-ae95-390f5b1a0d8c/resourceGroups/co-np-eastus-iddbstnhosts-rg/providers/Microsoft.Network/networkInterfaces/uemciddbstn3np1530,/subscriptions/44328f0f-3fad-40a5-ae95-390f5b1a0d8c/resourceGroups/co-np-eastus-iddbstnhosts-rg/providers/Microsoft.Network/networkInterfaces/uemciddbstn3np1530,10.16.0.142
/subscriptions/44328f0f-3fad-40a5-ae95-390f5b1a0d8c/resourceGroups/CO-NP-EASTUS-IDDKDR-RG/providers/Microsoft.Compute/virtualMachines/UEMCICD1SCIPNP1,UEMCICD1SCIPNP1,Standard_B2s,/subscriptions/44328f0f-3fad-40a5-ae95-390f5b1a0d8c/resourceGroups/co-np-eastus-iddkdr-rg/providers/Microsoft.Network/networkInterfaces/uemcicd1scipnp1246,/subscriptions/44328f0f-3fad-40a5-ae95-390f5b1a0d8c/resourceGroups/co-np-eastus-iddkdr-rg/providers/Microsoft.Network/networkInterfaces/uemcicd1scipnp1246,10.16.1.155
/subscriptions/44328f0f-3fad-40a5-ae95-390f5b1a0d8c/resourceGroups/CO-NP-EASTUS-IDDVNET-RG/providers/Microsoft.Compute/virtualMachines/UEMPEN1SCIPNP1,UEMPEN1SCIPNP1,Standard_B8ms,/subscriptions/44328f0f-3fad-40a5-ae95-390f5b1a0d8c/resourceGroups/co-np-eastus-iddvnet-rg/providers/Microsoft.Network/networkInterfaces/uempen1scipnp1572,/subscriptions/44328f0f-3fad-40a5-ae95-390f5b1a0d8c/resourceGroups/co-np-eastus-iddvnet-rg/providers/Microsoft.Network/networkInterfaces/uempen1scipnp1572,10.3.20.212
/subscriptions/44328f0f-3fad-40a5-ae95-390f5b1a0d8c/resourceGroups/RGP-CYBERIAM-CLIENT1-QA1/providers/Microsoft.Compute/virtualMachines/UEMCCICL3QA1,UEMCCICL3QA1,Standard_B4ms,/subscriptions/44328f0f-3fad-40a5-ae95-390f5b1a0d8c/resourceGroups/rgp-cyberiam-client1-qa1/providers/Microsoft.Network/networkInterfaces/uemccicl3qa1814,/subscriptions/44328f0f-3fad-40a5-ae95-390f5b1a0d8c/resourceGroups/rgp-cyberiam-client1-qa1/providers/Microsoft.Network/networkInterfaces/uemccicl3qa1814,10.16.1.146
/subscriptions/44328f0f-3fad-40a5-ae95-390f5b1a0d8c/resourceGroups/RGP-IDD-SHAREDSERVICES-CS1/providers/Microsoft.Compute/virtualMachines/UEMCDEV1IDDNP1,UEMCDEV1IDDNP1,Standard_B4ms,/subscriptions/44328f0f-3fad-40a5-ae95-390f5b1a0d8c/resourceGroups/rgp-idd-sharedservices-cs1/providers/Microsoft.Network/networkInterfaces/uemcdev1iddnp148,/subscriptions/44328f0f-3fad-40a5-ae95-390f5b1a0d8c/resourceGroups/rgp-idd-sharedservices-cs1/providers/Microsoft.Network/networkInterfaces/uemcdev1iddnp148,10.16.0.147
/subscriptions/44328f0f-3fad-40a5-ae95-390f5b1a0d8c/resourceGroups/RGP-IDD-SHAREDSERVICES-CS1/providers/Microsoft.Compute/virtualMachines/UEMCDEV2IDDNP1,UEMCDEV2IDDNP1,Standard_B1s,/subscriptions/44328f0f-3fad-40a5-ae95-390f5b1a0d8c/resourceGroups/rgp-idd-sharedservices-cs1/providers/Microsoft.Network/networkInterfaces/uemcdev2iddnp1599,/subscriptions/44328f0f-3fad-40a5-ae95-390f5b1a0d8c/resourceGroups/rgp-idd-sharedservices-cs1/providers/Microsoft.Network/networkInterfaces/uemcdev2iddnp1599,10.16.0.148
/subscriptions/44328f0f-3fad-40a5-ae95-390f5b1a0d8c/resourceGroups/RGP-IDD-SHAREDSERVICES-CS1/providers/Microsoft.Compute/virtualMachines/UEMCDEV3IDDNP1,UEMCDEV3IDDNP1,Standard_B1s,/subscriptions/44328f0f-3fad-40a5-ae95-390f5b1a0d8c/resourceGroups/rgp-idd-sharedservices-cs1/providers/Microsoft.Network/networkInterfaces/uemcdev3iddnp11,/subscriptions/44328f0f-3fad-40a5-ae95-390f5b1a0d8c/resourceGroups/rgp-idd-sharedservices-cs1/providers/Microsoft.Network/networkInterfaces/uemcdev3iddnp11,10.16.0.149
/subscriptions/44328f0f-3fad-40a5-ae95-390f5b1a0d8c/resourceGroups/RGP-IDD-SHAREDSERVICES-CS1/providers/Microsoft.Compute/virtualMachines/UEMCDEV4IDDNP1,UEMCDEV4IDDNP1,Standard_B2s,/subscriptions/44328f0f-3fad-40a5-ae95-390f5b1a0d8c/resourceGroups/rgp-idd-sharedservices-cs1/providers/Microsoft.Network/networkInterfaces/uemcdev4iddnp127,/subscriptions/44328f0f-3fad-40a5-ae95-390f5b1a0d8c/resourceGroups/rgp-idd-sharedservices-cs1/providers/Microsoft.Network/networkInterfaces/uemcdev4iddnp127,10.16.0.150
/subscriptions/44328f0f-3fad-40a5-ae95-390f5b1a0d8c/resourceGroups/RGP-IDD-SHAREDSERVICES-CS1/providers/Microsoft.Compute/virtualMachines/UEMCDEV5IDDNP1,UEMCDEV5IDDNP1,Standard_B2s,/subscriptions/44328f0f-3fad-40a5-ae95-390f5b1a0d8c/resourceGroups/rgp-idd-sharedservices-cs1/providers/Microsoft.Network/networkInterfaces/uemcdev5iddnp1272,/subscriptions/44328f0f-3fad-40a5-ae95-390f5b1a0d8c/resourceGroups/rgp-idd-sharedservices-cs1/providers/Microsoft.Network/networkInterfaces/uemcdev5iddnp1272,10.16.0.151
/subscriptions/44328f0f-3fad-40a5-ae95-390f5b1a0d8c/resourceGroups/RGP-IDD-SHAREDSERVICES-CS1/providers/Microsoft.Compute/virtualMachines/UEMCDEV6IDDNP1,UEMCDEV6IDDNP1,Standard_B1s,/subscriptions/44328f0f-3fad-40a5-ae95-390f5b1a0d8c/resourceGroups/rgp-idd-sharedservices-cs1/providers/Microsoft.Network/networkInterfaces/uemcdev6iddnp1941,/subscriptions/44328f0f-3fad-40a5-ae95-390f5b1a0d8c/resourceGroups/rgp-idd-sharedservices-cs1/providers/Microsoft.Network/networkInterfaces/uemcdev6iddnp1941,10.16.0.138
/subscriptions/44328f0f-3fad-40a5-ae95-390f5b1a0d8c/resourceGroups/RGP-IDD-SHAREDSERVICES-CS1/providers/Microsoft.Compute/virtualMachines/UEMCDEV7IDDNP1,UEMCDEV7IDDNP1,Standard_B1s,/subscriptions/44328f0f-3fad-40a5-ae95-390f5b1a0d8c/resourceGroups/rgp-idd-sharedservices-cs1/providers/Microsoft.Network/networkInterfaces/uemcdev7iddnp1778,/subscriptions/44328f0f-3fad-40a5-ae95-390f5b1a0d8c/resourceGroups/rgp-idd-sharedservices-cs1/providers/Microsoft.Network/networkInterfaces/uemcdev7iddnp1778,10.16.0.143
/subscriptions/44328f0f-3fad-40a5-ae95-390f5b1a0d8c/resourceGroups/RGP-IDD-SHAREDSERVICES-CS1/providers/Microsoft.Compute/virtualMachines/UEMCDEV8IDDNP1,UEMCDEV8IDDNP1,Standard_B1s,/subscriptions/44328f0f-3fad-40a5-ae95-390f5b1a0d8c/resourceGroups/rgp-idd-sharedservices-cs1/providers/Microsoft.Network/networkInterfaces/UEMCDEV8IDDNP1-nic-569352aaff0943259bac4d6339876fec,/subscriptions/44328f0f-3fad-40a5-ae95-390f5b1a0d8c/resourceGroups/rgp-idd-sharedservices-cs1/providers/Microsoft.Network/networkInterfaces/UEMCDEV8IDDNP1-nic-569352aaff0943259bac4d6339876fec,10.16.0.145
/subscriptions/44328f0f-3fad-40a5-ae95-390f5b1a0d8c/resourceGroups/RGP-IDD-SHAREDSERVICES-CS1/providers/Microsoft.Compute/virtualMachines/UEMCDEV9IDDNP1,UEMCDEV9IDDNP1,Standard_B1s,/subscriptions/44328f0f-3fad-40a5-ae95-390f5b1a0d8c/resourceGroups/rgp-idd-sharedservices-cs1/providers/Microsoft.Network/networkInterfaces/UEMCDEV9IDDNP1-nic-0fea910025d242f9a259007f63cc3822,/subscriptions/44328f0f-3fad-40a5-ae95-390f5b1a0d8c/resourceGroups/rgp-idd-sharedservices-cs1/providers/Microsoft.Network/networkInterfaces/UEMCDEV9IDDNP1-nic-0fea910025d242f9a259007f63cc3822,10.16.0.146
/subscriptions/44328f0f-3fad-40a5-ae95-390f5b1a0d8c/resourceGroups/RGP-IDD-SHAREDSERVICES-CS1/providers/Microsoft.Compute/virtualMachines/UEMCICD1IDDNP1,UEMCICD1IDDNP1,Standard_B2s,/subscriptions/44328f0f-3fad-40a5-ae95-390f5b1a0d8c/resourceGroups/rgp-idd-sharedservices-cs1/providers/Microsoft.Network/networkInterfaces/uemcicd1iddnp1596,/subscriptions/44328f0f-3fad-40a5-ae95-390f5b1a0d8c/resourceGroups/rgp-idd-sharedservices-cs1/providers/Microsoft.Network/networkInterfaces/uemcicd1iddnp1596,10.16.1.138
/subscriptions/44328f0f-3fad-40a5-ae95-390f5b1a0d8c/resourceGroups/RGP-IDD-SHAREDSERVICES-CS1/providers/Microsoft.Compute/virtualMachines/UEMCIDDNEXUSNP1,UEMCIDDNEXUSNP1,Standard_DS1_v2,/subscriptions/44328f0f-3fad-40a5-ae95-390f5b1a0d8c/resourceGroups/rgp-idd-sharedservices-cs1/providers/Microsoft.Network/networkInterfaces/uemciddnexusnp1614,/subscriptions/44328f0f-3fad-40a5-ae95-390f5b1a0d8c/resourceGroups/rgp-idd-sharedservices-cs1/providers/Microsoft.Network/networkInterfaces/uemciddnexusnp1614,10.16.0.140
/subscriptions/44328f0f-3fad-40a5-ae95-390f5b1a0d8c/resourceGroups/RGP-IDD-SHAREDSERVICES-CS1/providers/Microsoft.Compute/virtualMachines/UEMCLOAD1IDDNP1,UEMCLOAD1IDDNP1,Standard_DS1_v2,/subscriptions/44328f0f-3fad-40a5-ae95-390f5b1a0d8c/resourceGroups/rgp-idd-sharedservices-cs1/providers/Microsoft.Network/networkInterfaces/uemcload1iddnp1826,/subscriptions/44328f0f-3fad-40a5-ae95-390f5b1a0d8c/resourceGroups/rgp-idd-sharedservices-cs1/providers/Microsoft.Network/networkInterfaces/uemcload1iddnp1826,10.16.0.137
/subscriptions/44328f0f-3fad-40a5-ae95-390f5b1a0d8c/resourceGroups/RGP-IDD-SHAREDSERVICES-CS1/providers/Microsoft.Compute/virtualMachines/UEMCSALTIDDNP1,UEMCSALTIDDNP1,Standard_B4ms,/subscriptions/44328f0f-3fad-40a5-ae95-390f5b1a0d8c/resourceGroups/rgp-idd-sharedservices-cs1/providers/Microsoft.Network/networkInterfaces/UEMCSALTIDDNP1-nic,/subscriptions/44328f0f-3fad-40a5-ae95-390f5b1a0d8c/resourceGroups/rgp-idd-sharedservices-cs1/providers/Microsoft.Network/networkInterfaces/UEMCSALTIDDNP1-nic,10.16.0.139
/subscriptions/44328f0f-3fad-40a5-ae95-390f5b1a0d8c/resourceGroups/RGP-IDD-SHAREDSERVICES-CS1/providers/Microsoft.Compute/virtualMachines/UEMCSMTP1IDDNP1,UEMCSMTP1IDDNP1,Standard_B2s,/subscriptions/44328f0f-3fad-40a5-ae95-390f5b1a0d8c/resourceGroups/rgp-idd-sharedservices-cs1/providers/Microsoft.Network/networkInterfaces/UEMCSMTP1IDDNP1-nic-new,/subscriptions/44328f0f-3fad-40a5-ae95-390f5b1a0d8c/resourceGroups/rgp-idd-sharedservices-cs1/providers/Microsoft.Network/networkInterfaces/UEMCSMTP1IDDNP1-nic-new,10.16.0.136
/subscriptions/44328f0f-3fad-40a5-ae95-390f5b1a0d8c/resourceGroups/RGP-IDD-SHAREDSERVICES-CS1/providers/Microsoft.Compute/virtualMachines/UEMCSMTP2IDDNP1,UEMCSMTP2IDDNP1,Standard_B2s,/subscriptions/44328f0f-3fad-40a5-ae95-390f5b1a0d8c/resourceGroups/rgp-idd-sharedservices-cs1/providers/Microsoft.Network/networkInterfaces/UEMCSMTP2IDDNP1-nic-new,/subscriptions/44328f0f-3fad-40a5-ae95-390f5b1a0d8c/resourceGroups/rgp-idd-sharedservices-cs1/providers/Microsoft.Network/networkInterfaces/UEMCSMTP2IDDNP1-nic-new,10.16.0.134
/subscriptions/44328f0f-3fad-40a5-ae95-390f5b1a0d8c/resourceGroups/RGP-USE-ODP-AD0-AGENTS/providers/Microsoft.Compute/virtualMachines/UEMODPADONP1,UEMODPADONP1,Standard_D4s_v3,/subscriptions/44328f0f-3fad-40a5-ae95-390f5b1a0d8c/resourceGroups/rgp-use-odp-AD0-Agents/providers/Microsoft.Network/networkInterfaces/uemodpadonp1945,/subscriptions/44328f0f-3fad-40a5-ae95-390f5b1a0d8c/resourceGroups/rgp-use-odp-AD0-Agents/providers/Microsoft.Network/networkInterfaces/uemodpadonp1945,10.16.0.144
/subscriptions/44328f0f-3fad-40a5-ae95-390f5b1a0d8c/resourceGroups/RGP-USE-ODP-AD0-AGENTS/providers/Microsoft.Compute/virtualMachines/UEMODPADONP2,UEMODPADONP2,Standard_D4s_v3,/subscriptions/44328f0f-3fad-40a5-ae95-390f5b1a0d8c/resourceGroups/rgp-use-odp-AD0-Agents/providers/Microsoft.Network/networkInterfaces/uemodpadonp2471,/subscriptions/44328f0f-3fad-40a5-ae95-390f5b1a0d8c/resourceGroups/rgp-use-odp-AD0-Agents/providers/Microsoft.Network/networkInterfaces/uemodpadonp2471,10.16.0.152
/subscriptions/44328f0f-3fad-40a5-ae95-390f5b1a0d8c/resourceGroups/co-np-eastus-PE-ADO-rg/providers/Microsoft.Compute/virtualMachines/packerimagetest,packerimagetest,Standard_D4s_v3,/subscriptions/44328f0f-3fad-40a5-ae95-390f5b1a0d8c/resourceGroups/co-np-eastus-PE-ADO-rg/providers/Microsoft.Network/networkInterfaces/packerimagetest710,/subscriptions/44328f0f-3fad-40a5-ae95-390f5b1a0d8c/resourceGroups/co-np-eastus-PE-ADO-rg/providers/Microsoft.Network/networkInterfaces/packerimagetest710,10.16.70.6
/subscriptions/44328f0f-3fad-40a5-ae95-390f5b1a0d8c/resourceGroups/co-np-eastus-cyberiam-poc-rg/providers/Microsoft.Compute/virtualMachines/uemcmac1mnp1,uemcmac1mnp1,Standard_D2s_v3,/subscriptions/44328f0f-3fad-40a5-ae95-390f5b1a0d8c/resourceGroups/co-np-eastus-cyberiam-poc-rg/providers/Microsoft.Network/networkInterfaces/uemcmac1mnp170,/subscriptions/44328f0f-3fad-40a5-ae95-390f5b1a0d8c/resourceGroups/co-np-eastus-cyberiam-poc-rg/providers/Microsoft.Network/networkInterfaces/uemcmac1mnp170,10.16.1.152
/subscriptions/44328f0f-3fad-40a5-ae95-390f5b1a0d8c/resourceGroups/co-np-eastus-govpharmamgmt-rg/providers/Microsoft.Compute/virtualMachines/UEMCGPWTNP1,UEMCGPWTNP1,Standard_B8ms,/subscriptions/44328f0f-3fad-40a5-ae95-390f5b1a0d8c/resourceGroups/co-np-eastus-GOVPharmamgmt-rg/providers/Microsoft.Network/networkInterfaces/uemcgpwtnp1962,/subscriptions/44328f0f-3fad-40a5-ae95-390f5b1a0d8c/resourceGroups/co-np-eastus-GOVPharmamgmt-rg/providers/Microsoft.Network/networkInterfaces/uemcgpwtnp1962,10.16.1.164
/subscriptions/44328f0f-3fad-40a5-ae95-390f5b1a0d8c/resourceGroups/co-np-eastus-iddbstnhosts-rg/providers/Microsoft.Compute/virtualMachines/UEMCIDDBSTN1NP1,UEMCIDDBSTN1NP1,Standard_D8s_v3,/subscriptions/44328f0f-3fad-40a5-ae95-390f5b1a0d8c/resourceGroups/co-np-eastus-iddbstnhosts-rg/providers/Microsoft.Network/networkInterfaces/UEMCIDDBSTN1NP1-nic,/subscriptions/44328f0f-3fad-40a5-ae95-390f5b1a0d8c/resourceGroups/co-np-eastus-iddbstnhosts-rg/providers/Microsoft.Network/networkInterfaces/UEMCIDDBSTN1NP1-nic,10.16.0.133
/subscriptions/44328f0f-3fad-40a5-ae95-390f5b1a0d8c/resourceGroups/co-np-eastus-iddkdr-rg/providers/Microsoft.Compute/virtualMachines/uemcicd2scipnp1,uemcicd2scipnp1,Standard_B2s,/subscriptions/44328f0f-3fad-40a5-ae95-390f5b1a0d8c/resourceGroups/co-np-eastus-iddkdr-rg/providers/Microsoft.Network/networkInterfaces/uemcicd2scipnp1332,/subscriptions/44328f0f-3fad-40a5-ae95-390f5b1a0d8c/resourceGroups/co-np-eastus-iddkdr-rg/providers/Microsoft.Network/networkInterfaces/uemcicd2scipnp1332,10.16.1.157
/subscriptions/44328f0f-3fad-40a5-ae95-390f5b1a0d8c/resourceGroups/co-np-eastus-iddvnet-rg/providers/Microsoft.Compute/virtualMachines/UEMCDEV1SCIPNP1,UEMCDEV1SCIPNP1,Standard_B4ms,/subscriptions/44328f0f-3fad-40a5-ae95-390f5b1a0d8c/resourceGroups/co-np-eastus-iddvnet-rg/providers/Microsoft.Network/networkInterfaces/uemcdev1scipnp1982,/subscriptions/44328f0f-3fad-40a5-ae95-390f5b1a0d8c/resourceGroups/co-np-eastus-iddvnet-rg/providers/Microsoft.Network/networkInterfaces/uemcdev1scipnp1982,10.16.0.153
/subscriptions/44328f0f-3fad-40a5-ae95-390f5b1a0d8c/resourceGroups/co-np-eastus-pod-dev-rg/providers/Microsoft.Compute/virtualMachines/PDPEUSDEVHRTOOL1,PDPEUSDEVHRTOOL1,Standard_D8s_v3,/subscriptions/44328f0f-3fad-40a5-ae95-390f5b1a0d8c/resourceGroups/co-np-eastus-pod-dev-rg/providers/Microsoft.Network/networkInterfaces/pdpeusdevhrtool1377,/subscriptions/44328f0f-3fad-40a5-ae95-390f5b1a0d8c/resourceGroups/co-np-eastus-pod-dev-rg/providers/Microsoft.Network/networkInterfaces/pdpeusdevhrtool1377,10.16.1.139
/subscriptions/44328f0f-3fad-40a5-ae95-390f5b1a0d8c/resourceGroups/co-np-eastus-pod-dev-rg/providers/Microsoft.Compute/virtualMachines/UEMCPODISNP1,UEMCPODISNP1,Standard_B4ms,/subscriptions/44328f0f-3fad-40a5-ae95-390f5b1a0d8c/resourceGroups/co-np-eastus-pod-dev-rg/providers/Microsoft.Network/networkInterfaces/uemcpodisnp1277,/subscriptions/44328f0f-3fad-40a5-ae95-390f5b1a0d8c/resourceGroups/co-np-eastus-pod-dev-rg/providers/Microsoft.Network/networkInterfaces/uemcpodisnp1277,10.16.1.153
/subscriptions/44328f0f-3fad-40a5-ae95-390f5b1a0d8c/resourceGroups/co-np-eastus-pod-dev-rg/providers/Microsoft.Compute/virtualMachines/UEMCVALDEVNP1,UEMCVALDEVNP1,Standard_B4ms,/subscriptions/44328f0f-3fad-40a5-ae95-390f5b1a0d8c/resourceGroups/co-np-eastus-pod-dev-rg/providers/Microsoft.Network/networkInterfaces/uemcvaldevnp1806,/subscriptions/44328f0f-3fad-40a5-ae95-390f5b1a0d8c/resourceGroups/co-np-eastus-pod-dev-rg/providers/Microsoft.Network/networkInterfaces/uemcvaldevnp1806,10.16.23.9
/subscriptions/44328f0f-3fad-40a5-ae95-390f5b1a0d8c/resourceGroups/co-np-eastus-pod-poc-rg/providers/Microsoft.Compute/virtualMachines/UEMCPODSMTP1,UEMCPODSMTP1,Standard_B2s,/subscriptions/44328f0f-3fad-40a5-ae95-390f5b1a0d8c/resourceGroups/co-np-eastus-pod-poc-rg/providers/Microsoft.Network/networkInterfaces/uemcpodsmtp1507,/subscriptions/44328f0f-3fad-40a5-ae95-390f5b1a0d8c/resourceGroups/co-np-eastus-pod-poc-rg/providers/Microsoft.Network/networkInterfaces/uemcpodsmtp1507,10.16.1.134
/subscriptions/44328f0f-3fad-40a5-ae95-390f5b1a0d8c/resourceGroups/co-np-eastus-rcms-mgmt-rg/providers/Microsoft.Compute/virtualMachines/UEMCRCMSVSTSAGNP1,UEMCRCMSVSTSAGNP1,Standard_B2ms,/subscriptions/44328f0f-3fad-40a5-ae95-390f5b1a0d8c/resourceGroups/co-np-eastus-rcms-mgmt-rg/providers/Microsoft.Network/networkInterfaces/uemcrcmsvstsagnp1314,/subscriptions/44328f0f-3fad-40a5-ae95-390f5b1a0d8c/resourceGroups/co-np-eastus-rcms-mgmt-rg/providers/Microsoft.Network/networkInterfaces/uemcrcmsvstsagnp1314,10.16.1.169
/subscriptions/44328f0f-3fad-40a5-ae95-390f5b1a0d8c/resourceGroups/gp-d1-eastus-arnab1-rg/providers/Microsoft.Compute/virtualMachines/azure-devops-agent2,azure-devops-agent2,Standard_B2s,/subscriptions/44328f0f-3fad-40a5-ae95-390f5b1a0d8c/resourceGroups/gp-d1-eastus-arnab1-rg/providers/Microsoft.Network/networkInterfaces/azure-devops-agent2478,/subscriptions/44328f0f-3fad-40a5-ae95-390f5b1a0d8c/resourceGroups/gp-d1-eastus-arnab1-rg/providers/Microsoft.Network/networkInterfaces/azure-devops-agent2478,10.16.1.166
/subscriptions/44328f0f-3fad-40a5-ae95-390f5b1a0d8c/resourceGroups/packer-demo/providers/Microsoft.Compute/virtualMachines/Win-vm-test,Win-vm-test,Standard_D4s_v3,/subscriptions/44328f0f-3fad-40a5-ae95-390f5b1a0d8c/resourceGroups/packer-demo/providers/Microsoft.Network/networkInterfaces/win-vm-test774,/subscriptions/44328f0f-3fad-40a5-ae95-390f5b1a0d8c/resourceGroups/packer-demo/providers/Microsoft.Network/networkInterfaces/win-vm-test774,10.16.70.8
/subscriptions/44328f0f-3fad-40a5-ae95-390f5b1a0d8c/resourceGroups/packer-demo/providers/Microsoft.Compute/virtualMachines/centos-base,centos-base,Standard_D4s_v3,/subscriptions/44328f0f-3fad-40a5-ae95-390f5b1a0d8c/resourceGroups/packer-demo/providers/Microsoft.Network/networkInterfaces/centos-base916,/subscriptions/44328f0f-3fad-40a5-ae95-390f5b1a0d8c/resourceGroups/packer-demo/providers/Microsoft.Network/networkInterfaces/centos-base916,10.16.71.4
/subscriptions/44328f0f-3fad-40a5-ae95-390f5b1a0d8c/resourceGroups/packer-demo/providers/Microsoft.Compute/virtualMachines/cis-demo-vm,cis-demo-vm,Standard_D4s_v3,/subscriptions/44328f0f-3fad-40a5-ae95-390f5b1a0d8c/resourceGroups/packer-demo/providers/Microsoft.Network/networkInterfaces/cis-demo-vm705,/subscriptions/44328f0f-3fad-40a5-ae95-390f5b1a0d8c/resourceGroups/packer-demo/providers/Microsoft.Network/networkInterfaces/cis-demo-vm705,10.16.70.4
/subscriptions/44328f0f-3fad-40a5-ae95-390f5b1a0d8c/resourceGroups/packer-demo/providers/Microsoft.Compute/virtualMachines/pkrvmx0wvwzxkfg,pkrvmx0wvwzxkfg,Standard_D8_v4,/subscriptions/44328f0f-3fad-40a5-ae95-390f5b1a0d8c/resourceGroups/packer-demo/providers/Microsoft.Network/networkInterfaces/pkrnix0wvwzxkfg,/subscriptions/44328f0f-3fad-40a5-ae95-390f5b1a0d8c/resourceGroups/packer-demo/providers/Microsoft.Network/networkInterfaces/pkrnix0wvwzxkfg,10.16.70.5
/subscriptions/44328f0f-3fad-40a5-ae95-390f5b1a0d8c/resourceGroups/pdp-eus-d1-baseinfra-rg/providers/Microsoft.Compute/virtualMachines/PDPEUSD1ADFSHIR1VM,PDPEUSD1ADFSHIR1VM,Standard_B2ms,/subscriptions/44328f0f-3fad-40a5-ae95-390f5b1a0d8c/resourceGroups/pdp-eus-d1-baseinfra-rg/providers/Microsoft.Network/networkInterfaces/pdpeusd1adfshir1vm18,/subscriptions/44328f0f-3fad-40a5-ae95-390f5b1a0d8c/resourceGroups/pdp-eus-d1-baseinfra-rg/providers/Microsoft.Network/networkInterfaces/pdpeusd1adfshir1vm18,10.16.23.5
/subscriptions/44328f0f-3fad-40a5-ae95-390f5b1a0d8c/resourceGroups/pdp-eus-d2-hr-baseinfra-rg/providers/Microsoft.Compute/virtualMachines/PDPEUSD2HRSHIR1VM,PDPEUSD2HRSHIR1VM,Standard_B2ms,/subscriptions/44328f0f-3fad-40a5-ae95-390f5b1a0d8c/resourceGroups/pdp-eus-d2-hr-baseinfra-rg/providers/Microsoft.Network/networkInterfaces/pdpeusd2hrshir1vm776,/subscriptions/44328f0f-3fad-40a5-ae95-390f5b1a0d8c/resourceGroups/pdp-eus-d2-hr-baseinfra-rg/providers/Microsoft.Network/networkInterfaces/pdpeusd2hrshir1vm776,10.16.23.4
/subscriptions/44328f0f-3fad-40a5-ae95-390f5b1a0d8c/resourceGroups/pdp-eus-qa1-baseinfra-rg/providers/Microsoft.Compute/virtualMachines/PDPEUSQA1ADFSHIR1VM,PDPEUSQA1ADFSHIR1VM,Standard_DS1_v2,/subscriptions/44328f0f-3fad-40a5-ae95-390f5b1a0d8c/resourceGroups/pdp-eus-qa1-baseinfra-rg/providers/Microsoft.Network/networkInterfaces/pdpeusqa1adfshir1vm170,/subscriptions/44328f0f-3fad-40a5-ae95-390f5b1a0d8c/resourceGroups/pdp-eus-qa1-baseinfra-rg/providers/Microsoft.Network/networkInterfaces/pdpeusqa1adfshir1vm170,10.16.23.7
/subscriptions/44328f0f-3fad-40a5-ae95-390f5b1a0d8c/resourceGroups/pdp-eus-qa1-baseinfra-rg/providers/Microsoft.Compute/virtualMachines/pdpeusqa1mgmtvm,pdpeusqa1mgmtvm,Standard_DS1_v2,/subscriptions/44328f0f-3fad-40a5-ae95-390f5b1a0d8c/resourceGroups/pdp-eus-qa1-baseinfra-rg/providers/Microsoft.Network/networkInterfaces/pdpeusqa1mgmtvm238,/subscriptions/44328f0f-3fad-40a5-ae95-390f5b1a0d8c/resourceGroups/pdp-eus-qa1-baseinfra-rg/providers/Microsoft.Network/networkInterfaces/pdpeusqa1mgmtvm238,10.16.23.8
/subscriptions/44328f0f-3fad-40a5-ae95-390f5b1a0d8c/resourceGroups/pdp-eus-qa2-baseinfra-rg/providers/Microsoft.Compute/virtualMachines/PDPEUSQA2ADFSHIR1VM,PDPEUSQA2ADFSHIR1VM,Standard_DS1_v2,/subscriptions/44328f0f-3fad-40a5-ae95-390f5b1a0d8c/resourceGroups/pdp-eus-qa2-baseinfra-rg/providers/Microsoft.Network/networkInterfaces/pdpeusqa2adfshir1vm619,/subscriptions/44328f0f-3fad-40a5-ae95-390f5b1a0d8c/resourceGroups/pdp-eus-qa2-baseinfra-rg/providers/Microsoft.Network/networkInterfaces/pdpeusqa2adfshir1vm619,10.16.23.10
/subscriptions/44328f0f-3fad-40a5-ae95-390f5b1a0d8c/resourceGroups/pod-d1-eastus-azagentpool-rg/providers/Microsoft.Compute/virtualMachines/UEMCPODSPCR1NP1,UEMCPODSPCR1NP1,Standard_B2ms,/subscriptions/44328f0f-3fad-40a5-ae95-390f5b1a0d8c/resourceGroups/pod-d1-eastus-azagentpool-rg/providers/Microsoft.Network/networkInterfaces/uemcpodspcr1np1194,/subscriptions/44328f0f-3fad-40a5-ae95-390f5b1a0d8c/resourceGroups/pod-d1-eastus-azagentpool-rg/providers/Microsoft.Network/networkInterfaces/uemcpodspcr1np1194,10.16.1.133
/subscriptions/44328f0f-3fad-40a5-ae95-390f5b1a0d8c/resourceGroups/pod-d1-eastus-azagentpool-rg/providers/Microsoft.Compute/virtualMachines/pypod-devops-agent,pypod-devops-agent,Standard_B2ms,/subscriptions/44328f0f-3fad-40a5-ae95-390f5b1a0d8c/resourceGroups/pod-d1-eastus-azagentpool-rg/providers/Microsoft.Network/networkInterfaces/pypod-devops-agent680,/subscriptions/44328f0f-3fad-40a5-ae95-390f5b1a0d8c/resourceGroups/pod-d1-eastus-azagentpool-rg/providers/Microsoft.Network/networkInterfaces/pypod-devops-agent680,10.16.1.145
/subscriptions/44328f0f-3fad-40a5-ae95-390f5b1a0d8c/resourceGroups/pod-d1-eastus-azagentpool-rg/providers/Microsoft.Compute/virtualMachines/pypod-devops-pipeline,pypod-devops-pipeline,Standard_B2ms,/subscriptions/44328f0f-3fad-40a5-ae95-390f5b1a0d8c/resourceGroups/pod-d1-eastus-azagentpool-rg/providers/Microsoft.Network/networkInterfaces/pypod-devops-pipelin607,/subscriptions/44328f0f-3fad-40a5-ae95-390f5b1a0d8c/resourceGroups/pod-d1-eastus-azagentpool-rg/providers/Microsoft.Network/networkInterfaces/pypod-devops-pipelin607,10.16.1.135
/subscriptions/44328f0f-3fad-40a5-ae95-390f5b1a0d8c/resourceGroups/pod-d1-eastus-eshitadev-rg/providers/Microsoft.Compute/virtualMachines/UEMCESHIDEVD1,UEMCESHIDEVD1,Standard_B2ms,/subscriptions/44328f0f-3fad-40a5-ae95-390f5b1a0d8c/resourceGroups/pod-d1-eastus-eshitadev-rg/providers/Microsoft.Network/networkInterfaces/uemceshidevd1660,/subscriptions/44328f0f-3fad-40a5-ae95-390f5b1a0d8c/resourceGroups/pod-d1-eastus-eshitadev-rg/providers/Microsoft.Network/networkInterfaces/uemceshidevd1660,10.16.1.132
/subscriptions/44328f0f-3fad-40a5-ae95-390f5b1a0d8c/resourceGroups/rgp-cyberiam-client1-qa1/providers/Microsoft.Compute/virtualMachines/UEMCCICL2QA1,UEMCCICL2QA1,Standard_B2ms,/subscriptions/44328f0f-3fad-40a5-ae95-390f5b1a0d8c/resourceGroups/rgp-cyberiam-client1-qa1/providers/Microsoft.Network/networkInterfaces/uemccicl2qa-additional,/subscriptions/44328f0f-3fad-40a5-ae95-390f5b1a0d8c/resourceGroups/rgp-cyberiam-client1-qa1/providers/Microsoft.Network/networkInterfaces/uemccicl2qa-additional,10.16.1.144
/subscriptions/44328f0f-3fad-40a5-ae95-390f5b1a0d8c/resourceGroups/rgp-cyberiam-client1-qa1/providers/Microsoft.Compute/virtualMachines/UEMCCICL5QA1,UEMCCICL5QA1,Standard_DS1_v2,/subscriptions/44328f0f-3fad-40a5-ae95-390f5b1a0d8c/resourceGroups/rgp-cyberiam-client1-qa1/providers/Microsoft.Network/networkInterfaces/uemccicl5qa1139,/subscriptions/44328f0f-3fad-40a5-ae95-390f5b1a0d8c/resourceGroups/rgp-cyberiam-client1-qa1/providers/Microsoft.Network/networkInterfaces/uemccicl5qa1139,10.16.1.154
/subscriptions/44328f0f-3fad-40a5-ae95-390f5b1a0d8c/resourceGroups/rgp-cyberiam-client1-qa1/providers/Microsoft.Compute/virtualMachines/UEMCCICL6QA1,UEMCCICL6QA1,Standard_DS1_v2,/subscriptions/44328f0f-3fad-40a5-ae95-390f5b1a0d8c/resourceGroups/rgp-cyberiam-client1-qa1/providers/Microsoft.Network/networkInterfaces/uemccicl6qa1953,/subscriptions/44328f0f-3fad-40a5-ae95-390f5b1a0d8c/resourceGroups/rgp-cyberiam-client1-qa1/providers/Microsoft.Network/networkInterfaces/uemccicl6qa1953,10.16.1.158
/subscriptions/44328f0f-3fad-40a5-ae95-390f5b1a0d8c/resourceGroups/rgp-cyberiam-client1-qa1/providers/Microsoft.Compute/virtualMachines/UEMCCICL7QA1,UEMCCICL7QA1,Standard_DS1_v2,/subscriptions/44328f0f-3fad-40a5-ae95-390f5b1a0d8c/resourceGroups/rgp-cyberiam-client1-qa1/providers/Microsoft.Network/networkInterfaces/uemccicl7qa1216,/subscriptions/44328f0f-3fad-40a5-ae95-390f5b1a0d8c/resourceGroups/rgp-cyberiam-client1-qa1/providers/Microsoft.Network/networkInterfaces/uemccicl7qa1216,10.16.1.168
/subscriptions/44328f0f-3fad-40a5-ae95-390f5b1a0d8c/resourceGroups/rgp-cyberiam-client1-qa1/providers/Microsoft.Compute/virtualMachines/UEMCCICLQA1,UEMCCICLQA1,Standard_B2ms,/subscriptions/44328f0f-3fad-40a5-ae95-390f5b1a0d8c/resourceGroups/rgp-cyberiam-client1-qa1/providers/Microsoft.Network/networkInterfaces/uemcciclqa1-add,/subscriptions/44328f0f-3fad-40a5-ae95-390f5b1a0d8c/resourceGroups/rgp-cyberiam-client1-qa1/providers/Microsoft.Network/networkInterfaces/uemcciclqa1-add,10.16.1.147
/subscriptions/44328f0f-3fad-40a5-ae95-390f5b1a0d8c/resourceGroups/rgp-use-odp-mgmt-d0/providers/Microsoft.Compute/virtualMachines/VMWUSEODPAVDEV,VMWUSEODPAVDEV,Standard_D2s_v3,/subscriptions/44328f0f-3fad-40a5-ae95-390f5b1a0d8c/resourceGroups/rgp-use-odp-mgmt-d0/providers/Microsoft.Network/networkInterfaces/vmwuseodpavdev100,/subscriptions/44328f0f-3fad-40a5-ae95-390f5b1a0d8c/resourceGroups/rgp-use-odp-mgmt-d0/providers/Microsoft.Network/networkInterfaces/vmwuseodpavdev100,10.16.0.155
/subscriptions/44328f0f-3fad-40a5-ae95-390f5b1a0d8c/resourceGroups/spec-eus-np-devops-rg/providers/Microsoft.Compute/virtualMachines/SPECDEVOPS1NP1,SPECDEVOPS1NP1,Standard_B2ms,/subscriptions/44328f0f-3fad-40a5-ae95-390f5b1a0d8c/resourceGroups/spec-eus-np-devops-rg/providers/Microsoft.Network/networkInterfaces/specdevops1np1950,/subscriptions/44328f0f-3fad-40a5-ae95-390f5b1a0d8c/resourceGroups/spec-eus-np-devops-rg/providers/Microsoft.Network/networkInterfaces/specdevops1np1950,10.15.0.151
/subscriptions/44328f0f-3fad-40a5-ae95-390f5b1a0d8c/resourceGroups/spec-eus-np-devops-rg/providers/Microsoft.Compute/virtualMachines/UEMCPYDEVNP1,UEMCPYDEVNP1,Standard_B2ms,/subscriptions/44328f0f-3fad-40a5-ae95-390f5b1a0d8c/resourceGroups/spec-eus-np-devops-rg/providers/Microsoft.Network/networkInterfaces/uemcpydevnp1655,/subscriptions/44328f0f-3fad-40a5-ae95-390f5b1a0d8c/resourceGroups/spec-eus-np-devops-rg/providers/Microsoft.Network/networkInterfaces/uemcpydevnp1655,10.15.0.152
